<?xml version="1.0" encoding="iso-8859-1"?>
<mosinstall type="template" version="1.0.0">
<name>Vet</name>
<version>1.0</version>
	<creationDate>4/1/08</creationDate>
<author>Dan Riordan</author>
<authorEmail>info@deisehost.com</authorEmail>
<authorUrl>http://www.deisehost.com</authorUrl>
<copyright>2008, GlanDesigns.Com</copyright>
<license>Commercial</license>
<description>3-Column Joomla! 1.0.x Template for a Veterinary Clinic</description>
<files>
<filename>favicon.ico</filename>
<filename>index.php</filename>
<filename>templateDetails.xml</filename>
<filename>template_thumbnail.png</filename>
</files>
<css>
<filename>css/template_css.css</filename>
</css>
<images>
<filename>images/button_bg.png</filename>
<filename>images/indent1.png</filename>
<filename>images/indent2.png</filename>
<filename>images/indent3.png</filename>
<filename>images/indent4.png</filename>
<filename>images/indent5.png</filename>
<filename>images/indent6.png</filename>
<filename>images/logo.png</filename>
<filename>images/main_bg.png</filename>
<filename>images/menu_bg.png</filename>
<filename>images/spacer.gif</filename>
<filename>images/subhead_bg.png</filename>
<filename>images/top_bar.png</filename>
</images>
</mosinstall>